house_price,number_of_rooms,living_area,secondary_area,plot_area,year_built,operating_cost,sale_date,neighborhood,latitude,longitude,secondary_area_missing,month,year
5000000,5,134,83,612,1974,39250,2025-04-01,Almvik,55.5545067,13.0259590727825,0,4,2025
11000000,7,165,8,552,1973,46556,2025-03-31,Limhamn,55.5828063,12.9367725,0,3,2025
6950000,6,157,0,521,2000,32700,2025-03-23,Klagshamn,55.5255101,12.9356560752879,1,3,2025
7200000,6,145,10,398,2008,35718,2025-03-13,Bunkeflostrand,55.5518738,12.9299077,0,3,2025
4050000,4,121,0,510,1976,34923,2025-03-06,Tygelsjö,59.631772,16.5617079,1,3,2025
4000000,5,86,62,754,1945,39422,2025-02-28,Videdal,55.592211,13.06083425,0,2,2025
5200000,4,128,125,646,1967,56636,2025-02-27,Husie,65.5951501,22.2079517430037,0,2,2025
4775000,6,142,0,398,1979,48623,2025-02-19,Oxie,55.5444448,13.0729986932174,1,2,2025
4300000,5,102,15,779,1928,15839,2025-02-19,Bunkeflostrand,55.5618469,12.919724387769,0,2,2025
8500000,7,194,50,746,1992,49318,2025-02-14,Bunkeflostrand,55.56111435,12.915713213788,0,2,2025
5300000,4,119,119,625,1974,44400,2025-02-14,Tygelsjö,55.5139123,13.0043263,0,2,2025
3740000,5,125,35,461,1965,56503,2025-02-05,Videdal,55.5912154,13.0680040819874,0,2,2025
7295000,6,150,0,684,2017,48518,2025-02-03,Klagshamn,58.1994041,16.5863394,1,2,2025
5800000,5,130,0,257,2017,23600,2025-01-30,Bunkeflostrand,55.5544564173096,12.9325565954501,1,1,2025
6650000,4,127,0,513,2003,44990,2025-01-22,Bunkeflostrand,55.5525589,12.9272936,1,1,2025
4850000,4,125,102,840,1961,33401,2025-01-10,Virentofta,55.5904628,13.0752389,0,1,2025
4900000,6,158,0,849,1986,42017,2024-12-20,Käglinge,55.6361208,13.0801035525588,1,12,2024
5900000,6,121,200,965,1971,39037,2024-12-10,Tygelsjö,55.5169132,13.0044825,0,12,2024
5900000,6,100,27,487,1909,28367,2024-12-09,Sibbarp,55.5686005,12.9188947,0,12,2024
12500000,6,243,119,892,1943,77602,2024-12-08,Sjösida,55.5921541,12.950877361814,0,12,2024
8750000,7,133,49,655,1937,35464,2024-12-06,Rosenvång,55.5830851,12.9552456,0,12,2024
4750000,4,115,13,363,1970,38180,2024-12-04,Bunkeflostrand,59.27517945,17.97477665,0,12,2024
3387500,5,127,21,424,1976,66028,2024-11-28,Kyrkby,55.54965965,13.0941191,0,11,2024
9850000,12,289,137,726,1950,18640,2024-11-26,Rosenvång,55.5794643,12.9581168438531,0,11,2024
9800000,9,248,20,762,2012,26902,2024-11-23,Bunkeflostrand,55.402194,12.9868812,0,11,2024
5050000,5,103,103,583,1963,48485,2024-11-14,Videdal,55.59346935,13.0652668867941,0,11,2024
5500000,4,138,12,525,1972,44000,2024-11-14,Kulladal,55.5692143,12.9925858,0,11,2024
10000000,6,145,70,895,1921,51310,2024-11-14,Limhamn,55.5843662,12.9481931052292,0,11,2024
5425000,7,210,69,1012,1995,17993,2024-11-01,Käglinge,55.53299455,13.0881664194847,0,11,2024
4500000,6,170,85,666,1943,43000,2024-10-23,Rosengård,55.57836975,13.0449818162231,0,10,2024
3150000,6,130,0,503,1972,38887,2024-10-21,Kyrkby,55.54622825,13.1048658954334,1,10,2024
4450000,5,122,68,807,1937,38745,2024-10-19,Kattarp,55.57881145,13.03954255,0,10,2024
5250000,5,160,0,741,1992,51842,2024-10-11,Stenkällan,55.58428315,13.070501005209,1,10,2024
7100000,5,155,5,389,1967,49237,2024-10-11,Djupadal,55.57035435,12.9662830672733,0,10,2024
9800000,5,138,58,888,1939,62670,2024-09-27,Bellevue,59.278969,18.0434759,0,9,2024
5250000,7,91,114,830,1963,46000,2024-09-16,Käglinge,55.53377705,13.07833135,0,9,2024
6540000,5,145,0,329,2006,38600,2024-09-14,Bunkeflostrand,55.5499082,12.9269026,1,9,2024
6450000,6,154,0,722,2006,33077,2024-09-13,Bunkeflostrand,55.5499569,12.9245225,1,9,2024
3235000,4,98,98,741,1969,19629,2024-09-10,Oxie,55.54418625,13.1020821824138,0,9,2024
3600000,6,117,52,313,1973,45075,2024-09-10,Oxie,55.5432238,13.1022510217668,0,9,2024
6950000,6,207,57,794,1999,48200,2024-09-10,Husie,55.5873876,13.099859585415,0,9,2024
4550000,5,104,38,633,1935,47800,2024-09-07,Husie,55.5863159,13.0859913,0,9,2024
8650000,6,118,148,621,1972,70592,2024-09-04,Hyllieby,55.5674305,12.9607299,0,9,2024
5335000,5,97,47,800,1925,51004,2024-09-02,Valdemarsro,55.61095145,13.07471265,0,9,2024
4000000,4,114,0,501,1989,30973,2024-08-29,Kristineberg,55.54175945,13.0819924178377,1,8,2024
2600000,5,103,0,519,1965,44060,2024-08-29,Kyrkby,55.5463743,13.0998233,1,8,2024
10450000,6,168,0,174,2001,48404,2024-08-29,Hamnen,55.61043595,12.9750702961854,1,8,2024
4560000,3,100,10,335,1929,34856,2024-08-27,Kvarnby,55.5895808,13.1029448,0,8,2024
4120000,4,146,0,527,1989,34381,2024-08-21,Kyrkby,55.553031,13.1028105591605,1,8,2024
8850000,6,127,15,370,1909,55544,2024-08-18,Limhamn,55.5746558,12.9212412,0,8,2024
5495000,5,196,3,1025,1970,48204,2024-08-17,Virentofta,55.5851146,13.0768089,0,8,2024
8450000,7,180,31,326,1921,55796,2024-08-15,Limhamn,55.5849626,12.9259248,0,8,2024
3600000,5,96,30,400,1913,31462,2024-08-14,Kattarp,56.0454259,12.7372181355299,0,8,2024
2750000,6,115,27,394,1909,42640,2024-08-07,Hindby,59.376629200000004,16.480039433836,0,8,2024
4800000,5,158,133,680,1942,54000,2024-07-19,Videdal,55.59512335,13.06313325,0,7,2024
4800000,5,114,6,320,1968,34811,2024-07-08,Bunkeflostrand,56.30873,12.78355035,0,7,2024
4700000,5,137,95,663,1968,45454,2024-07-02,Käglinge,55.53619065,13.0803594437149,0,7,2024
3450000,5,102,68,764,1929,25000,2024-06-26,Riseberga,55.59627885,13.0811015844066,0,6,2024
8500000,5,154,43,974,1969,38632,2024-06-23,Sibbarp,55.57510985,12.9184751785837,0,6,2024
3700000,4,95,54,809,1924,52484,2024-06-22,Gullvik,55.57184065,13.032421652392,0,6,2024
4900000,4,140,47,699,1997,33768,2024-06-20,Riseberga,55.60508205,13.0946968607569,0,6,2024
6160000,6,142,16,584,1985,31200,2024-06-17,Tygelsjö,55.5169132,13.0044825,0,6,2024
17350000,8,251,143,1867,1951,70631,2024-06-16,Sjösida,55.59000145,12.9470235356599,0,6,2024
3550000,5,109,14,704,1965,35500,2024-06-15,Tygelsjö,55.63471635,13.10164845,0,6,2024
3175000,4,100,0,370,1964,36280,2024-06-12,Kristineberg,55.5446564,13.0796189757508,1,6,2024
3195000,4,100,0,495,1963,26604,2024-06-12,Kyrkby,55.54638425,13.0969192756264,1,6,2024
22000000,6,273,7,1010,1972,66900,2024-06-12,Fridhem,59.610766,16.5738848,0,6,2024
5650000,5,178,10,631,1962,34500,2024-06-07,Djupadal,55.576977050000004,12.9641716693642,0,6,2024
4795000,5,123,29,262,1968,9704,2024-05-29,Ulricedal,55.5958523,13.0578147715244,0,5,2024
6610000,4,122,9,598,2004,37698,2024-05-25,Riseberga,55.5975527,13.0917261,0,5,2024
5975000,4,136,0,320,1995,32400,2024-05-23,Bunkeflostrand,55.555975,12.9151426489111,1,5,2024
6180000,6,136,38,376,1966,39494,2024-05-14,Kyrkby,55.5728639,12.9671087635991,0,5,2024
7600000,6,130,90,823,1923,48400,2024-04-27,Rosenvång,55.5854892,12.9547363824169,0,4,2024
14500000,7,242,95,865,1915,81410,2024-04-27,Sjösida,55.5887623,12.9524182140175,0,4,2024
7300000,7,220,13,992,2007,40500,2024-04-18,Tygelsjö,55.5222279,13.00462205,0,4,2024
15750000,6,202,99,1186,1950,47448,2024-04-08,Fridhem,55.65967,12.481528,0,4,2024
8700000,6,160,58,784,1959,56785,2024-03-29,Limhamn,55.5770399,12.9222008441233,0,3,2024
6750000,11,258,0,863,1982,43100,2024-03-28,Kulladal,55.5743517719314,12.9990829418773,1,3,2024
5295000,5,134,0,683,1909,32061,2024-03-22,Vintrie,55.5539823,12.9604342,1,3,2024
6495000,3,103,0,244,1909,50432,2024-03-14,Limhamn,55.5853627,12.927452,1,3,2024
6660000,4,120,0,447,2004,37403,2024-03-10,Bunkeflostrand,55.5531485,12.9274834,1,3,2024
4000000,5,138,0,464,1979,37140,2024-03-08,Kristineberg,55.5444159,13.0732367432174,1,3,2024
5700000,5,110,40,313,1909,28580,2024-02-28,Sofielund,55.5846961,13.0148095513355,0,2,2024
6500000,6,155,0,825,2003,55400,2024-02-27,Riseberga,55.5975527,13.0917261,1,2,2024
7050000,5,140,50,624,1960,35860,2024-02-22,Limhamn,55.5828063,12.9367725,0,2,2024
5300000,6,142,125,933,1935,54500,2024-02-12,Söderkulla,57.92260075,12.5007804428852,0,2,2024
6700000,6,160,0,487,2003,27088,2024-02-04,Lindeborg,55.5554873154424,12.9939100131213,1,2,2024
5180000,6,150,28,893,2011,38262,2024-02-02,Oxie,55.5447236,13.0882550826753,0,2,2024
7950000,7,141,85,796,1957,37444,2024-01-24,Rosenvång,55.5812682,12.9604636236554,0,1,2024
5650000,5,121,39,770,1926,16527,2023-12-20,Kulladal,55.57264245,12.992642717913,0,12,2023
5300000,8,200,0,586,1968,41520,2023-12-13,Husie,55.58265875,13.0778727424205,1,12,2023
4650000,4,94,94,593,1963,31355,2023-12-07,Virentofta,55.586145,13.0765402,0,12,2023
5200000,6,210,28,1415,1977,30346,2023-12-04,Kvarnby,55.5888376,13.107091325453,0,12,2023
4375000,3,100,0,456,1978,20600,2023-11-29,Kristineberg,55.54544285,13.0755695860531,1,11,2023
4075000,5,121,0,426,1962,47400,2023-11-19,Husie,55.60113435,13.0850662524518,1,11,2023
3025000,5,127,21,488,1976,53800,2023-11-16,Kyrkby,55.5490527,13.09238895,0,11,2023
3900000,4,153,29,796,1982,33965,2023-11-13,Käglinge,55.53546595,13.0755042522556,0,11,2023
5975000,4,96,26,172,1891,48080,2023-11-04,Limhamn,55.6327144,13.0655490162276,0,11,2023
7350000,7,198,0,725,1978,37200,2023-11-01,Limhamn,55.57411755,12.9234373,1,11,2023
3600000,4,90,50,779,1949,47993,2023-10-27,Kulladal,57.7930115,13.1299026,0,10,2023
5850000,4,110,85,713,1923,36313,2023-10-27,Rostorp,55.6142394112806,13.0438866900241,0,10,2023
5650000,4,145,38,800,2008,22400,2023-10-27,Oxie,55.53685345,13.1103703298062,0,10,2023
4200000,4,121,41,952,1977,47268,2023-10-27,Kyrkby,59.2812357,17.9919563,0,10,2023
5195000,5,127,0,380,1966,30666,2023-10-22,Bunkeflostrand,55.5543985,12.9099051,1,10,2023
5700000,4,95,0,678,2011,30150,2023-10-20,Strandhem,55.3813571,13.1803668,1,10,2023
6500000,5,163,16,326,1968,36758,2023-10-18,Bunkeflostrand,55.5530097,12.9091194,0,10,2023
6500000,7,174,16,824,1959,57000,2023-10-18,Husie,55.6022864,13.0832414518132,0,10,2023
6050000,5,122,0,1033,1929,43700,2023-09-26,Husie,55.5983094,13.0809891600487,1,9,2023
5100000,6,125,22,385,1962,31022,2023-09-24,Kroksbäck,55.5754157,12.9690189787657,0,9,2023
4000000,5,134,83,572,1973,14000,2023-09-13,Kastanjegården,55.5584871,13.0241431528866,0,9,2023
6360000,4,117,14,412,1998,47920,2023-09-09,Limhamn,55.5835731,12.9351006,0,9,2023
5895000,8,185,115,665,1977,39196,2023-09-07,Virentofta,55.5904628,13.0752389,0,9,2023
6850000,6,158,0,523,2000,30721,2023-09-07,Bunkeflostrand,55.5547347,12.926972,1,9,2023
7350000,6,170,21,550,2005,27900,2023-09-07,Klagshamn,55.52413475,12.9383375,0,9,2023
6090000,6,180,1,178,1980,33381,2023-08-25,Sofielund,61.7999626,16.5615513,0,8,2023
5750000,5,136,28,958,2004,37444,2023-08-18,Käglinge,55.5302848,13.0933508017858,0,8,2023
4500000,3,97,60,800,1923,37500,2023-08-17,Valdemarsro,55.61165995,13.07271465,0,8,2023
6350000,4,118,102,527,1925,49655,2023-08-08,Håkanstorp,55.59781085,13.047434653453,0,8,2023
6600000,6,155,0,398,2007,55100,2023-08-07,Tygelsjö,57.81286995,12.3579458177558,1,8,2023
6300000,5,135,44,730,1963,41958,2023-07-22,Riseberga,55.598719,13.076710132846,0,7,2023
2850000,4,100,0,340,1969,66397,2023-07-20,Kyrkby,55.54480125,13.0993711912332,1,7,2023
5400000,6,157,0,510,1975,45380,2023-07-12,Klagstorp,55.520547,13.0022728,1,7,2023
3330000,3,91,91,800,1943,52914,2023-07-03,Kattarp,55.5788934,13.0453149218347,0,7,2023
3995000,3,85,70,1019,1930,30700,2023-06-30,Husie,55.584797,13.0650530703431,0,6,2023
4400000,5,130,91,595,1966,39173,2023-06-27,Videdal,55.58574325,13.0720712825832,0,6,2023
5350000,4,109,24,620,1963,57467,2023-06-27,Djupadal,55.5744766,12.9500551492987,0,6,2023
5000000,5,101,1,385,1966,46132,2023-06-27,Bunkeflostrand,59.7971436,17.6461721512677,0,6,2023
7050000,7,182,44,843,1916,58400,2023-06-21,Klagshamn,55.5231303,12.9316767608209,0,6,2023
3975000,6,94,94,894,1961,35395,2023-06-20,Gullvik,55.56945275,13.0349353,0,6,2023
6600000,7,150,5,874,1870,52990,2023-06-20,Kulladal,55.5692143,12.9925858,0,6,2023
9400000,6,290,0,1218,1980,81508,2023-06-20,Bunkeflostrand,55.56178265,12.9086965035826,1,6,2023
6850000,5,133,0,552,2007,43771,2023-06-15,Bunkeflostrand,55.5510224,12.9297046,1,6,2023
5550000,4,124,20,363,1966,35040,2023-06-15,Bunkeflostrand,55.5548085,12.9161753,0,6,2023
5200000,6,176,11,765,1978,35619,2023-06-13,Kulladal,56.0488647,12.7352366858033,0,6,2023
5900000,4,126,11,665,1800,52600,2023-06-09,Tygelsjö,55.5169132,13.0044825,0,6,2023
6445000,6,145,0,658,1992,25172,2023-06-09,Kvarnby,55.5877567,13.1061210443503,1,6,2023
11600000,8,238,9,906,1920,63000,2023-05-31,Bellevue,55.587064,12.9560576239027,0,5,2023
3995000,5,125,93,600,1935,42050,2023-05-19,Kattarp,57.6732272,11.8975296,0,5,2023
6900000,5,115,79,768,1923,66902,2023-05-14,Rostorp,57.7305762,11.9171877,0,5,2023
3500000,7,105,0,735,1935,39400,2023-05-05,Videdal,57.69332645,12.0057408817944,1,5,2023
4800000,4,121,0,539,2007,30300,2023-05-02,Kristineberg,57.76056785,12.0500046487939,1,5,2023
4000000,4,123,0,719,1976,39700,2023-04-30,Husie,55.59065165,13.0580019451445,1,4,2023
5150000,7,182,16,808,1910,41000,2023-04-27,Husie,55.5863159,13.0859913,0,4,2023
7150000,6,162,0,570,2007,39975,2023-04-18,Bunkeflostrand,55.5510224,12.9297046,1,4,2023
6350000,6,134,105,861,1962,41150,2023-04-14,Djupadal,55.5732513,12.9508380061834,0,4,2023
5230000,4,122,0,189,1989,43400,2023-03-25,Kirseberg,56.6725076,12.8710726974536,1,3,2023
5500000,7,171,22,618,2013,35516,2023-03-24,Käglinge,55.528949,13.07662835,0,3,2023
3340000,3,57,0,585,1946,22956,2023-03-17,Strandhem,55.5392871,12.9171488,1,3,2023
5400000,5,206,23,1234,1900,52100,2023-02-27,Husie,55.8959404,12.8788298,0,2,2023
5500000,6,151,10,511,2005,41500,2023-02-22,Oxie,55.54168785,13.0738521941157,0,2,2023
6350000,6,153,9,755,1928,66400,2023-02-18,Klagshamn,55.5583233,12.9190044,0,2,2023
5250000,4,124,0,613,2006,47270,2023-02-16,Kristineberg,55.53892625,13.0771611030744,1,2,2023
3850000,4,135,0,277,1987,38929,2023-01-21,Bulltofta,55.60864355,13.0577072,1,1,2023
4350000,5,146,138,500,1976,47700,2022-12-09,Riseberga,55.59706545,13.0745937,0,12,2022
8400000,4,125,87,846,1966,39641,2022-12-02,Limhamn,55.5752252,12.9173702307959,0,12,2022
4200000,4,128,35,580,1966,24808,2022-12-02,Djupadal,55.57193665,12.957255,0,12,2022
6275000,5,116,70,656,1923,61219,2022-12-02,Rostorp,55.6145768,13.0450489522048,0,12,2022
4395000,3,55,0,107,1874,20800,2022-11-27,Limhamn,55.58518565,12.9339618,1,11,2022
6445000,4,127,0,690,1960,47425,2022-11-25,Limhamn,59.38366795,13.4721770480036,1,11,2022
6710000,5,154,0,695,2006,28060,2022-11-17,Bunkeflostrand,55.5499569,12.9245225,1,11,2022
6800000,7,155,110,669,1932,52544,2022-11-16,Limhamn,60.18916645,24.9186454207424,0,11,2022
16500000,7,250,130,1276,1943,37500,2022-11-14,Sjösida,55.5915125,12.9514149942194,0,11,2022
5700000,5,150,0,474,2008,49822,2022-11-11,Tygelsjö,56.69919915,16.3642921106073,1,11,2022
4500000,5,136,47,464,1983,31200,2022-11-02,Husie,55.5849095,13.0776276449871,0,11,2022
9000000,6,162,57,635,1929,39700,2022-10-27,Limhamn,58.1460104,11.8312119,0,10,2022
3680000,5,135,24,539,1961,30200,2022-10-26,Husie,55.59090105,13.0622429,0,10,2022
10100000,5,204,109,726,1936,68434,2022-10-23,Limhamn,55.5825472,12.9582949,0,10,2022
4300000,4,117,24,636,1975,43636,2022-10-17,Kastanjegården,55.55411275,13.0222848282017,0,10,2022
6450000,6,170,100,646,1977,58560,2022-09-23,Bellevue,55.58261175,12.9695872409694,0,9,2022
6200000,5,130,0,276,2012,51427,2022-09-09,Klagshamn,55.527293,12.9387699,1,9,2022
4800000,5,133,30,386,1962,36250,2022-09-07,Djupadal,55.5762788,12.9659098,0,9,2022
5550000,6,155,15,1072,1986,28300,2022-09-07,Husie,55.5879473,13.10231375,0,9,2022
7100000,7,160,0,355,1909,53885,2022-09-02,Sibbarp,55.57544615,12.92295885,1,9,2022
8400000,6,188,116,811,1934,51000,2022-09-01,Limhamn,59.3429386,18.0343267,0,9,2022
3200000,3,110,40,422,1927,15501,2022-08-24,Gullvik,55.5659663,13.0333462,0,8,2022
5150000,5,120,126,245,1934,39409,2022-08-23,Johanneslust,55.6004285,13.0419435,0,8,2022
8800000,5,150,0,364,1990,54071,2022-08-12,Limhamn,57.41906025,15.0685417865126,1,8,2022
4950000,5,178,0,690,1977,2568,2022-08-11,Oxie,55.5302188,13.0745409,1,8,2022
8500000,5,125,70,708,1955,64200,2022-07-26,Limhamn,55.57755345,12.950441974839,0,7,2022
5100000,8,161,20,435,1992,51200,2022-07-18,Oxie,55.542078,13.1129292,0,7,2022
10700000,10,195,170,902,1928,58600,2022-07-13,Limhamn,55.5848198,12.9392107,0,7,2022
5000000,5,145,120,733,1962,39149,2022-07-08,Gullvik,55.5742377,13.02862995,0,7,2022
7700000,5,148,15,500,1971,31430,2022-07-07,Djupadal,55.56858,12.9575675,0,7,2022
5130000,5,109,41,452,1966,33952,2022-07-06,Bunkeflostrand,59.7995875,17.6418468,0,7,2022
14850000,6,200,110,1056,1923,53588,2022-06-29,Mellanheden,55.586512,12.95839805,0,6,2022
6500000,4,110,58,578,1923,30196,2022-06-27,Håkanstorp,55.59786725,13.0461962446702,0,6,2022
13600000,6,180,112,1106,1945,40900,2022-06-23,Sjösida,55.59398465,12.955352747974,0,6,2022
5700000,7,205,29,882,1975,52491,2022-06-23,Kyrkby,55.5528317,13.0998669855172,0,6,2022
7200000,5,167,40,791,2022,4374,2022-06-20,Husie,55.6040683,13.1080148,0,6,2022
4850000,5,209,16,518,1968,49696,2022-06-20,Villastad,55.5751465,13.07151295,0,6,2022
6100000,5,130,0,330,2012,38660,2022-06-14,Klagshamn,55.527293,12.9387699,1,6,2022
10500000,5,186,29,570,1964,54000,2022-06-14,Solbacken,55.58815435,12.9730258639349,0,6,2022
5100000,3,108,21,286,1909,41723,2022-06-14,Vintrie,55.5545747,12.959595,0,6,2022
6825000,5,140,67,768,1924,54999,2022-06-10,Johanneslust,55.6017845,13.0484357,0,6,2022
5590000,4,137,0,665,1983,36735,2022-06-10,Bergdala,55.55845055,12.9968557712808,1,6,2022
4900000,6,150,0,527,1980,35300,2022-06-10,Hindby,55.5746479,13.0453927152586,1,6,2022
4580000,4,136,20,744,1991,41794,2022-06-08,Käglinge,55.5332664,13.0816884153733,0,6,2022
6950000,5,135,5,518,1966,43928,2022-06-07,Djupadal,55.57602395,12.95896195,0,6,2022
4300000,5,98,52,302,1919,22500,2022-06-07,Eriksfält,55.57617845,13.0100783613821,0,6,2022
10775000,5,129,40,499,1920,43500,2022-06-07,Limhamn,57.7053995,11.9597941,0,6,2022
5150000,4,112,62,905,1936,8360,2022-06-06,Videdal,55.58456575,13.0670138,0,6,2022
6225000,5,115,55,800,1930,24244,2022-06-03,Kulladal,55.5701165,12.9903776085775,0,6,2022
4995000,5,89,0,296,1909,26400,2022-06-03,Hyllieby,59.3807293,17.9158462,1,6,2022
5200000,4,162,17,705,1909,43535,2022-05-31,Tygelsjö,56.6842371,12.881422001374,0,5,2022
3950000,5,91,16,524,1962,44600,2022-05-26,Riseberga,55.59835075,13.0802412067001,0,5,2022
6295000,5,144,18,306,1970,40533,2022-05-18,Djupadal,55.57185865,12.9643871349703,0,5,2022
14000000,7,299,100,1354,1962,56120,2022-05-16,Bellevue,55.5843745,12.9604308357747,0,5,2022
4740000,6,176,52,419,1978,34939,2022-05-12,Kristineberg,55.54570325,13.0745857,0,5,2022
6400000,5,106,0,274,1920,34490,2022-05-04,Eriksfält,55.57608565,13.01016665,1,5,2022
6550000,6,174,134,987,1979,47900,2022-05-04,Gullvik,55.56836205,13.0289575572992,0,5,2022
7750000,5,160,0,889,1968,65450,2022-05-02,Bunkeflostrand,55.5615953,12.9136661424195,1,5,2022
7500000,6,153,10,417,2008,38437,2022-04-22,Bunkeflostrand,55.5518738,12.9299077,0,4,2022
6500000,6,189,44,1088,1929,45570,2022-04-19,Klagshamn,55.5210766,12.9362209490826,0,4,2022
8400000,6,147,50,561,1957,42180,2022-04-08,Limhamn,63.1677831,14.655726794798,0,4,2022
7050000,5,135,0,532,2007,43577,2022-04-07,Bunkeflostrand,55.5510224,12.9297046,1,4,2022
5275000,6,148,62,544,1948,46059,2022-04-03,Hindby,55.5762993,13.0311683514516,0,4,2022
5900000,5,122,0,450,1975,33800,2022-04-01,Bunkeflostrand,55.5479174,12.9099166,1,4,2022
4625000,7,105,73,969,1932,42377,2022-03-29,Gullvik,55.56842325,13.0353788,0,3,2022
20000000,7,250,130,1276,1943,35490,2022-03-29,Sjösida,55.5915125,12.9514149942194,0,3,2022
7900000,6,163,36,835,2018,30000,2022-03-28,Oxie,56.0734305,12.9500194,0,3,2022
5510000,5,151,10,341,2005,46028,2022-03-28,Kristineberg,56.1007428,12.7533394669623,0,3,2022
7450000,5,145,10,350,2007,35418,2022-03-24,Bunkeflostrand,55.5510224,12.9297046,0,3,2022
11800000,6,176,0,775,2020,29440,2022-03-22,Bellevue,55.58198065,12.9701932382388,1,3,2022
3550000,3,65,0,516,1946,29790,2022-03-19,Bunkeflostrand,55.5416902,12.916659,1,3,2022
7705000,4,152,0,651,2006,28800,2022-03-17,Bunkeflostrand,55.56046315,12.92465715,1,3,2022
6300000,4,129,123,976,1924,60500,2022-03-16,Husie,55.58931345,13.07975965,0,3,2022
5350000,5,138,110,292,1971,61400,2022-03-15,Stenkällan,55.58032325,13.0733615,0,3,2022
5525000,4,65,0,192,1895,26451,2022-03-14,Limhamn,55.5849626,12.9259248,1,3,2022
6775000,7,142,77,1415,1929,37523,2022-03-08,Bunkeflostrand,55.9021651,13.564504915761,0,3,2022
7950000,6,185,12,486,1980,47800,2022-02-28,Djupadal,55.5702404,12.9602701,0,2,2022
7750000,5,141,79,765,1953,38980,2022-02-24,Djupadal,55.577836,12.95113865,0,2,2022
9550000,6,137,28,435,1909,44096,2022-02-24,Limhamn,55.57928305,12.9363061,0,2,2022
7050000,4,103,30,406,1966,52360,2022-02-22,Djupadal,55.5744033,12.9554435499632,0,2,2022
5100000,4,108,0,572,1961,33420,2022-02-16,Bunkeflostrand,55.5571921,12.92566135,1,2,2022
5760000,5,145,0,307,2009,41400,2022-02-10,Videdal,55.58855695,13.060789919689,1,2,2022
5300000,6,160,60,700,1935,48047,2022-02-03,Kattarp,57.67292245,11.897966,0,2,2022
5650000,4,122,70,810,1946,26768,2022-01-21,Bunkeflostrand,55.5611611,12.9233914519581,0,1,2022
6375000,5,162,52,880,1931,47820,2021-12-02,Klagshamn,55.5353834,12.9336124683018,0,12,2021
7000000,7,185,25,568,1977,47000,2021-11-24,Bunkeflostrand,55.7527849,12.9039535,0,11,2021
4995000,6,111,23,636,1966,22316,2021-11-23,Djupadal,55.57193665,12.957255,0,11,2021
6060000,5,130,7,203,2018,32304,2021-11-15,Bunkeflostrand,55.5544564173096,12.9325565954501,0,11,2021
8700000,6,148,6,1021,2016,30000,2021-11-05,Bunkeflostrand,58.3676522,15.7037956,0,11,2021
5640000,5,135,0,424,1991,35200,2021-11-03,Bunkeflostrand,55.554883,12.9243684,1,11,2021
5100000,4,115,56,536,1923,55142,2021-10-28,Ulricedal,55.595859,13.0587460365848,0,10,2021
4100000,4,86,57,538,1923,35500,2021-10-26,Riseberga,55.5964163,13.0839139491994,0,10,2021
3950000,3,75,65,878,1930,39921,2021-10-19,Eriksfält,55.574889,13.0063929222376,0,10,2021
17200000,8,255,169,1996,1955,58800,2021-10-14,Sjösida,55.58921785,12.9513085938154,0,10,2021
5500000,7,118,118,541,1969,32900,2021-10-05,Villastad,55.5769504,13.07223005,0,10,2021
5000000,6,134,83,693,1974,28270,2021-10-01,Kastanjegården,55.5548075,13.02325995,0,10,2021
6050000,5,130,0,191,2016,22790,2021-09-30,Bunkeflostrand,55.5550187,12.9315818,1,9,2021
5250000,5,135,0,316,1991,30542,2021-09-29,Bunkeflostrand,55.554883,12.9243684,1,9,2021
5650000,4,160,25,969,1912,39881,2021-09-29,Klagshamn,55.52317855,12.930009795236,0,9,2021
5600000,6,184,77,1089,1928,38300,2021-09-29,Kvarnby,55.58776215,13.0899933558384,0,9,2021
7250000,6,182,28,595,1982,52579,2021-09-27,Sibbarp,55.5722296,12.9229252,0,9,2021
5420000,5,170,0,587,1975,44668,2021-09-23,Kulladal,55.5681917,12.9947318,1,9,2021
6700000,5,154,39,816,1999,37920,2021-09-21,Tygelsjö,55.5144305,12.998789500000001,0,9,2021
16700000,7,201,130,1150,1920,63000,2021-09-01,Sjösida,55.58998955,12.9554265226529,0,9,2021
7500000,5,120,20,262,1929,49056,2021-09-01,Limhamn,55.5848198,12.9392107,0,9,2021
5600000,3,86,0,893,1926,35913,2021-08-28,Bunkeflostrand,67.16372785,20.615710418682,1,8,2021
7125000,6,131,0,179,1909,38282,2021-08-25,Sofielund,55.58771785,13.0139732,1,8,2021
8800000,5,149,85,824,1928,44952,2021-08-22,Mellanheden,55.58821695,12.9678338789722,0,8,2021
4700000,7,124,143,778,1965,29800,2021-08-18,Kyrkby,55.54967545,13.0989362178975,0,8,2021
6570000,5,130,6,283,2015,22000,2021-08-17,Klagshamn,56.64873155,16.4797834,0,8,2021
5200000,7,187,84,840,1938,50610,2021-07-12,Eriksfält,55.57266075,13.01024665,0,7,2021
6700000,10,176,0,178,1929,27627,2021-07-06,Kirseberg,58.5682066,16.25145245,1,7,2021
4500000,4,131,10,484,1984,24857,2021-07-02,Gullvik,55.56671045,13.0364663375846,0,7,2021
5080000,5,113,15,443,1961,39672,2021-07-02,Virentofta,55.5937226,13.0794479587648,0,7,2021
7010000,4,105,84,722,1935,32500,2021-06-09,Solbacken,55.5870633,12.9716425041949,0,6,2021
4910000,5,102,80,551,1946,44659,2021-06-08,Eriksfält,55.5738963,13.0059601159961,0,6,2021
8000000,6,144,0,372,2016,44820,2021-06-01,Sjöstad,59.3377431931047,18.039987824788,1,6,2021
5625000,4,112,13,360,1972,40000,2021-06-01,Djupadal,55.5702788,12.9533016989584,0,6,2021
5000000,5,163,0,636,1975,51274,2021-06-01,Kastanjegården,55.55391925,13.0227836476042,1,6,2021
20050000,7,278,122,1848,1909,54890,2021-05-31,Sjösida,55.5873427,12.9508009720116,0,5,2021
6800000,6,172,0,900,1989,46400,2021-05-27,Husie,55.5902942,13.1012818330946,1,5,2021
6900000,7,244,20,1006,1980,30200,2021-05-27,Kungshälla,55.5968236,13.0768265755614,0,5,2021
5305000,5,100,60,571,1936,42073,2021-05-25,Kattarp,55.5809525,13.0398199394372,0,5,2021
5300000,6,136,0,404,2007,39564,2021-05-12,Käglinge,55.53397435,13.07384135,1,5,2021
6160000,5,122,0,450,1975,28200,2021-05-10,Bunkeflostrand,55.5479379384333,12.9105680924091,1,5,2021
4100000,5,150,0,462,1966,47713,2021-05-10,Oxie,55.5426426,13.0952966,1,5,2021
5000000,5,142,22,633,1979,28510,2021-05-03,Kristineberg,55.54394635,13.0726972753973,0,5,2021
6350000,5,127,120,767,1963,28187,2021-04-26,Riseberga,55.59570605,13.0763929,0,4,2021
7500000,5,141,110,800,1964,45627,2021-04-26,Hyllie,55.575584474138,12.9674195270831,0,4,2021
4200000,4,90,20,634,1909,27690,2021-04-22,Tygelsjö,55.5169429414546,13.004048862774,0,4,2021
4320000,3,104,104,708,1975,26400,2021-04-21,Käglinge,55.5364622,13.0759023,0,4,2021
4080000,3,80,75,576,1945,25456,2021-04-21,Eriksfält,55.57449075,13.0101577171734,0,4,2021
5200000,6,240,120,764,1928,73340,2021-04-20,Almhög,55.5782244,13.0194495417768,0,4,2021
4700000,4,117,0,345,1990,31800,2021-04-20,Husie,55.58960065,13.10166905,1,4,2021
7400000,7,181,106,686,1924,30676,2021-04-16,Kvarnby,55.58895705,13.0983795716328,0,4,2021
7700000,5,145,30,673,2009,32927,2021-04-14,Tygelsjö,56.20438695,15.6460244384868,0,4,2021
6200000,4,110,56,1003,1931,29616,2021-04-14,Virentofta,55.94360125,12.8049361,0,4,2021
12600000,7,226,84,750,1928,49800,2021-04-08,Solbacken,55.58932605,12.9740265291304,0,4,2021
3380000,3,92,0,170,2016,28700,2021-04-08,Tygelsjö,55.5169429414546,13.004048862774,1,4,2021
5500000,4,107,8,237,1992,33600,2021-04-07,Djupadal,55.5706507264272,12.9582423976111,0,4,2021
8910000,4,144,57,1021,2016,25400,2021-04-01,Bunkeflostrand,55.5412798370414,12.926822480643,0,4,2021
9600000,7,194,29,628,1956,31440,2021-03-30,Rosenvång,55.5804022,12.9497305975933,0,3,2021
4650000,6,150,0,415,1980,44312,2021-03-26,Hindby,55.57369375,13.0460539,1,3,2021
6200000,5,170,0,408,1964,44400,2021-03-24,Hyllie,55.5748955,12.9669137578849,1,3,2021
7100000,5,171,18,1185,1800,33644,2021-03-17,Klagshamn,55.51911335,12.939878923046,0,3,2021
4557500,4,89,70,525,1946,50657,2021-03-05,Eriksfält,55.57427195,13.0080226770896,0,3,2021
6250000,5,144,78,605,1923,46288,2021-03-03,Rostorp,55.6137888460536,13.0472066285948,0,3,2021
3530000,2,68,0,502,1948,31500,2021-02-18,Strandhem,56.660889014154,12.8067220171378,1,2,2021
5070000,4,116,0,629,1994,38000,2021-02-18,Husie,55.5822161744173,13.0730288287076,1,2,2021
5000000,6,154,0,393,2006,38000,2021-02-17,Oxie,55.54060965,13.07561735,1,2,2021
5950000,5,142,0,374,2002,33000,2021-02-15,Vintrie,55.5542189143922,12.9722181262348,1,2,2021
7050000,6,168,6,755,1990,33918,2021-02-14,Bunkeflostrand,55.5610232,12.9115394588,0,2,2021
5400000,4,124,65,850,1890,27932,2021-02-10,Skumparp,55.9384053,12.8135537639947,0,2,2021
7200000,6,175,0,449,2000,34400,2021-02-08,Vintrie,59.4946811328691,18.529763024789,1,2,2021
7700000,6,189,74,830,1974,37056,2021-02-05,Bellevue,55.58368345,12.96896975,0,2,2021
8990000,9,244,102,351,1878,48000,2021-02-02,Sofielund,55.5874766,13.0140360023844,0,2,2021
5800000,7,181,41,1015,1982,51411,2021-01-27,Käglinge,55.53043555,13.0857079917976,0,1,2021
6850000,6,155,9,406,2007,39980,2021-01-25,Bunkeflostrand,55.5512155420907,12.9307454109371,0,1,2021
5000000,4,99,0,364,1964,32555,2021-01-18,Videdal,55.59254385,13.0657844082608,1,1,2021
4500000,5,119,53,794,1916,35746,2021-01-14,Kulladal,55.5681492472356,12.9949901442959,0,1,2021
6350000,4,116,0,811,1968,31250,2021-01-08,Kulladal,55.569442,12.9885971,1,1,2021
5300000,4,100,68,752,1929,30680,2020-12-17,Videdal,55.5891364,13.0619692748594,0,12,2020
7200000,6,183,142,726,1937,31045,2020-12-15,Rosenvång,55.58257935,12.9579756,0,12,2020
5850000,7,187,80,673,1923,18500,2020-12-12,Bergdala,55.5647496210028,12.9946975228475,0,12,2020
5300000,5,145,0,460,1968,44400,2020-12-10,Riseberga,55.60295115,13.0870935820862,1,12,2020
5650000,3,90,15,216,2004,38100,2020-11-27,Limhamn,55.5858748,12.9320673,0,11,2020
6550000,6,158,155,724,1967,25465,2020-11-23,Bellevue,55.5809742,12.9691830341092,0,11,2020
12550000,6,185,105,977,1939,55500,2020-11-22,Sjösida,55.5920569,12.9494575392893,0,11,2020
7900000,7,169,18,725,1978,37146,2020-11-19,Limhamn,55.57411755,12.9234373,0,11,2020
5260000,5,96,16,830,1966,24075,2020-11-19,Bunkeflostrand,55.55810305,12.9177101,0,11,2020
3075000,5,81,81,666,1942,46400,2020-11-15,Kattarp,55.5791079,13.0449528088871,0,11,2020
6750000,5,160,22,737,1927,40312,2020-11-05,Rosenvång,55.58184005,12.9506338698451,0,11,2020
6175000,6,145,5,273,2018,18000,2020-10-21,Bunkeflostrand,55.5544564173096,12.9325565954501,0,10,2020
10250000,6,165,129,1409,1959,45224,2020-10-08,Limhamn,59.3847576,13.4709600098556,0,10,2020
5460000,6,142,43,624,1990,36821,2020-10-07,Riseberga,55.60137425,13.0900433,0,10,2020
6800000,7,194,30,1350,1915,39736,2020-10-02,Klagshamn,55.5582705360318,12.9189969889319,0,10,2020
7650000,7,170,30,894,1999,45855,2020-09-28,Bunkeflostrand,55.55639585,12.9280102018166,0,9,2020
4200000,4,100,10,335,1929,27168,2020-09-21,Kvarnby,55.5895808,13.1029448,0,9,2020
4350000,5,123,20,380,1966,31000,2020-09-19,Bunkeflostrand,55.5543052274295,12.9112644250382,0,9,2020
18000000,7,257,165,2005,1935,65990,2020-09-13,Mellanheden,55.5882364,12.9594147263826,0,9,2020
4400000,7,118,80,880,1955,18680,2020-09-10,Husie,55.5954718,13.05534825,0,9,2020
5600000,6,109,81,779,1930,46352,2020-09-09,Kulladal,55.5719083,12.9936988643724,0,9,2020
7275000,5,115,83,600,1929,39620,2020-09-09,Limhamn,55.5762306,12.942634,0,9,2020
6000000,5,159,25,384,1975,47634,2020-09-02,Bunkeflostrand,55.5479986480653,12.912506708473,0,9,2020
5050000,6,139,35,460,1968,38400,2020-09-02,Riseberga,55.6031805,13.0874262117021,0,9,2020
3820000,5,160,0,283,1978,34793,2020-09-01,Kristineberg,55.5452561,13.0739184453298,1,9,2020
4850000,4,109,40,387,1969,22900,2020-08-26,Bunkeflostrand,56.7009870676459,12.8693970870798,0,8,2020
8575000,7,189,69,1130,1921,45373,2020-08-26,Mellanheden,55.58701655,12.9684810575032,0,8,2020
7200000,7,153,90,573,1958,66600,2020-08-24,Solbacken,55.5881405,12.98046215,0,8,2020
5475000,5,121,29,452,1966,43072,2020-08-21,Bunkeflostrand,55.71702435,13.0377681141045,0,8,2020
7100000,5,137,0,267,2016,25534,2020-08-21,Sjöstad,55.59170535,12.9355177675856,1,8,2020
6100000,8,244,57,656,1909,44312,2020-08-21,Sofielund,55.5846569280602,13.0146217299049,0,8,2020
8375000,5,152,0,806,2011,39500,2020-08-20,Bunkeflostrand,55.5595871,12.9103113906065,1,8,2020
5330000,5,123,91,418,1972,35982,2020-08-18,Kulladal,59.6051006,16.5508985,0,8,2020
4300000,5,134,28,626,1968,30400,2020-08-18,Villastad,55.57574875,13.0685204786444,0,8,2020
6100000,6,120,60,839,1927,36800,2020-08-18,Kulladal,55.57424685,12.9961240740519,0,8,2020
5700000,5,124,72,242,1953,27503,2020-08-16,Djupadal,55.5770138,12.957197313226,0,8,2020
4400000,5,127,36,360,1904,32150,2020-08-14,Eriksfält,55.5753352,13.0104604,0,8,2020
3800000,6,145,0,544,1974,23660,2020-08-11,Oxie,56.0345883,12.7122501,1,8,2020
3760000,5,131,80,572,1973,31200,2020-08-09,Kastanjegården,57.7142728,12.02175165,0,8,2020
5150000,6,152,30,328,1965,36670,2020-08-07,Limhamn,55.5737888,12.9577897640943,0,8,2020
5200000,6,167,0,626,1968,44950,2020-08-05,Villastad,55.575659,13.0695040555051,1,8,2020
5200000,4,98,10,516,1945,35894,2020-08-05,Strandhem,55.5395323,12.9125558,0,8,2020
5495000,5,157,23,720,2008,37432,2020-07-22,Kristineberg,56.1007174,12.7491025990989,0,7,2020
5050000,5,130,0,328,2016,25100,2020-07-16,Klagshamn,56.6492862078425,16.4801845239025,1,7,2020
4690000,6,140,15,639,1955,38600,2020-06-30,Riseberga,55.59952425,13.0830464187188,0,6,2020
6800000,5,147,24,432,1901,24540,2020-06-29,Hyllieby,55.568882388879,12.9643680208625,0,6,2020
4850000,6,190,46,546,1971,54432,2020-06-26,Tygelsjö,55.51445005,13.0004324,0,6,2020
5300000,6,152,0,352,2012,38167,2020-06-23,Klagshamn,55.5277832405291,12.9380131021074,1,6,2020
3710000,4,105,42,518,1968,44945,2020-06-18,Villastad,55.57506975,13.0723304174938,0,6,2020
3600000,5,130,30,1003,1932,43400,2020-06-16,Virentofta,55.58575545,13.07806555,0,6,2020
4250000,6,142,30,514,1967,47818,2020-06-14,Villastad,55.57536645,13.0690688055418,0,6,2020
5900000,5,144,0,611,2005,39628,2020-06-10,Klagshamn,55.5308364029815,12.9297814581713,1,6,2020
4970000,4,101,6,743,1956,30000,2020-06-04,Riseberga,55.59973345,13.0793923,0,6,2020
4475000,4,126,27,497,1973,34099,2020-06-03,Kulladal,55.5753009,12.9973966082606,0,6,2020
8100000,6,144,75,677,1960,51336,2020-06-02,Limhamn,55.5798403,12.9407518172695,0,6,2020
4525000,5,127,0,380,1966,28800,2020-06-01,Bunkeflostrand,55.5543171825948,12.9095327379991,1,6,2020
4445000,4,109,16,1001,1965,31000,2020-06-01,Riseberga,55.59850345,13.0836550007633,0,6,2020
3625000,5,150,12,742,1963,36000,2020-05-28,Husie,57.6686081,11.9265794,0,5,2020
6450000,5,165,30,472,1998,44000,2020-05-19,Djupadal,55.5743472,12.9642301577049,0,5,2020
4300000,5,118,118,562,1967,51300,2020-05-19,Villastad,55.57505645,13.0689934322476,0,5,2020
2400000,5,126,21,208,1976,43296,2020-05-18,Kyrkby,55.54901575,13.0916181,0,5,2020
4150000,6,158,0,432,1992,41377,2020-05-17,Husie,55.59326015,13.0753393759798,1,5,2020
7100000,5,120,88,867,1937,34300,2020-05-11,Rosenvång,55.5824267,12.9634088596042,0,5,2020
3900000,5,109,67,597,1968,50190,2020-05-11,Villastad,55.5747451,13.07275185,0,5,2020
4700000,4,96,15,515,2011,37350,2020-04-28,Strandhem,55.5394057054369,12.9171240083394,0,4,2020
5800000,6,163,10,748,1983,32904,2020-04-28,Bunkeflostrand,55.5611576,12.91438685,0,4,2020
3700000,4,120,0,480,1972,27900,2020-04-22,Hyllie,55.5686343799506,12.9576466120318,1,4,2020
5800000,6,208,30,1245,1900,45715,2020-04-21,Käglinge,55.5322968,13.0495831118895,0,4,2020
4475000,7,150,5,874,1870,48595,2020-04-17,Kulladal,55.5692271818402,12.9925106559322,0,4,2020
11400000,6,176,77,1204,1929,46525,2020-04-13,Västervång,55.5916667,12.9609187606007,0,4,2020
6150000,5,190,0,886,1978,39000,2020-04-03,Bunkeflostrand,55.56174475,12.90934395,1,4,2020
4600000,4,121,30,629,1994,27600,2020-03-30,Riseberga,55.6043314101614,13.0891973727618,0,3,2020
3565000,4,110,0,720,1923,34600,2020-03-30,Virentofta,55.59045445,13.0786954211098,1,3,2020
3900000,4,90,66,1009,1930,34878,2020-03-24,Virentofta,55.5850978,13.0786481351955,0,3,2020
4550000,4,134,0,340,1960,30363,2020-03-12,Limhamn,55.57401545,12.9224909884398,1,3,2020
5750000,5,145,9,392,2010,28430,2020-03-11,Tygelsjö,55.517373934117,12.9848932569376,0,3,2020
4950000,5,146,0,352,1970,30000,2020-03-07,Bunkeflostrand,55.551049479057,12.9131161257271,1,3,2020
5700000,6,150,0,368,2003,32987,2020-03-04,Klagshamn,55.5222616,12.93715025,1,3,2020
4275000,5,141,202,786,1975,44070,2020-03-02,Gullvik,55.5683832,13.0264057611386,0,3,2020
4456000,5,136,55,787,1923,44535,2020-02-21,Valdemarsro,55.611262,13.0713778235935,0,2,2020
5290000,7,185,19,568,1977,26950,2020-02-15,Bunkeflostrand,56.16039375,15.59003895,0,2,2020
5800000,5,145,0,308,2006,25517,2020-02-14,Bunkeflostrand,55.5505476074947,12.9258759268359,1,2,2020
3325000,4,90,42,1240,1927,41777,2020-02-12,Kyrkby,55.5484485783127,13.0996607865468,0,2,2020
7920000,6,160,134,1020,1945,47282,2020-01-31,Mellanheden,55.5875771,12.9696533,0,1,2020
7100000,6,138,19,630,1960,44099,2020-01-30,Limhamn,55.58036835,12.9393770933856,0,1,2020
6695000,5,137,50,933,2013,32840,2020-01-28,Bunkeflostrand,55.5489357953204,12.9268516854982,0,1,2020
4010000,5,153,0,380,1965,32570,2020-01-22,Limhamn,55.5730034,12.9577436831543,1,1,2020
5400000,7,125,123,796,1972,30900,2020-01-22,Bunkeflostrand,55.55606975,12.92332365,0,1,2020
6500000,7,170,28,569,1959,28745,2020-01-15,Limhamn,58.430829,15.5686561,0,1,2020
3413000,5,124,0,364,1964,31950,2020-01-08,Videdal,55.5927034,13.0653197634039,1,1,2020
7000000,6,170,0,840,2016,33000,2020-01-07,Tygelsjö,55.5258840865437,12.9866574869547,1,1,2020
3220000,3,117,0,532,1975,30750,2019-12-20,Kastanjegården,55.5534613,13.02574035,1,12,2019
5600000,6,172,66,936,1973,44247,2019-12-16,Kulladal,55.5635704896081,12.9981120043153,0,12,2019
3800000,7,125,0,617,1890,36300,2019-12-05,Tygelsjö,56.20027315,15.6721729385126,1,12,2019
3700000,4,93,56,750,1955,26674,2019-11-30,Virentofta,55.59109965,13.0739207548844,0,11,2019
4500000,5,130,220,761,1929,73100,2019-11-19,Klagshamn,55.5235569,12.9313233116541,0,11,2019
6300000,6,144,48,866,1926,30881,2019-11-09,Bunkeflostrand,59.22774545,18.1195643435578,0,11,2019
3005000,7,140,49,1311,1924,35250,2019-11-06,Toarp,55.5379079,13.1263353,0,11,2019
5600000,5,142,50,720,1960,39861,2019-11-06,Limhamn,55.5783865,12.938176969725,0,11,2019
4095000,7,100,54,624,1934,46500,2019-10-31,Eriksfält,55.57653505,13.00748635,0,10,2019
3650000,5,105,25,355,1967,26577,2019-10-20,Virentofta,55.58643765,13.0728457344413,0,10,2019
3600000,5,136,8,288,2008,30718,2019-10-09,Kristineberg,55.54569565,13.0856262734925,0,10,2019
2800000,3,68,0,528,1944,26550,2019-10-08,Strandhem,55.5394057054369,12.9171240083394,1,10,2019
5675000,4,135,0,549,2008,34895,2019-10-06,Bunkeflostrand,55.5512155420907,12.9307454109371,1,10,2019
4200000,3,107,30,648,1976,25776,2019-10-01,Tygelsjö,59.6317261271875,16.5613060222577,0,10,2019
4200000,4,128,35,232,2009,28900,2019-09-21,Virentofta,55.5897362246048,13.0803807139035,0,9,2019
3230000,5,120,0,450,1968,32380,2019-09-20,Kyrkby,55.54406535,13.1007526124278,1,9,2019
3525000,6,158,30,541,1969,32018,2019-09-17,Villastad,55.57681605,13.0735552267881,0,9,2019
3600000,6,134,41,760,1920,59150,2019-09-17,Gullvik,55.5698504,13.0268244,0,9,2019
4800000,6,164,38,991,2010,28700,2019-09-17,Käglinge,55.53006815,13.0800888562173,0,9,2019
